Image Name,Detected Text
Cars127.png,
Cars1.png,PGoMN12
Cars135.png,IzIQb
Cars124.png,
Cars114.png,CCGRAPHICS
Cars121.png,
Cars13.png,0ur216
Cars111.png,MH 20 EE 7598]
Cars10.png,TN 37 Cs
Cars107.png,MH208020
Cars132.png,
Cars118.png,JA62 UAR
Cars116.png,MK-35-32]
Cars134.png,L9ILc
Cars122.png,CANSA
Cars119.png,
Cars110.png,
Cars117.png,
Cars102.png,68.61136
Cars112.png,SHAKNBKC
Cars0.png,KLG1CA2555
Cars106.png,
Cars125.png,RP
Cars136.png,UEE44
Cars128.png,AND
Cars103.png,
Cars123.png,HR 26 BC 5514
Cars101.png,HR 26 BC 5514
Cars115.png,Ms66 YOB
Cars126.png,KA
Cars130.png,HR 26 BR 9044
Cars113.png,WASHINGTON
Cars12.png,FHH12B67237
Cars108.png,Nho14v8866
Cars133.png,1268
Cars109.png,CZi7 Kod
Cars120.png,B2228 HMI
Cars11.png,LOR SEK
Cars129.png,OPEC Loi |
Cars100.png,
Cars131.png,CCGRAPHICS
Cars104.png,MGOLXB
Cars105.png,504123404
Cars151.png,LELaCbDELA
Cars137.png,
Cars174.png,
Cars156.png,PRIV
Cars173.png,VIRGINIA
Cars163.png,LR33 TEB
Cars149.png,DNIGZG]
Cars150.png,DL8cX 4850
Cars168.png,
Cars147.png,KLG1CA2555
Cars160.png,{WpLATE COH
Cars179.png,4sz1590 |
Cars165.png,1053
Cars141.png,
Cars164.png,GT
Cars16.png,
Cars138.png,TN 02 BL
Cars144.png,PEN 15
Cars142.png,
Cars145.png,CHOIANooo]
Cars178.png,
Cars140.png,CHOIANooo]
Cars158.png,COSTALRICA
Cars143.png,[Azioit
Cars139.png,
Cars161.png,Ms66 YOB
Cars155.png,ECB:025
Cars171.png,0ur216
Cars153.png,MH208020
Cars17.png,YSI 213
Cars157.png,pibsik
Cars172.png,#C 09
Cars162.png,
Cars152.png,DL49 AK49
Cars169.png,PRIV
Cars170.png,
Cars148.png,MH 01 88-550
Cars175.png,1n
Cars14.png,ALR 486
Cars167.png,15-LK-10898
Cars177.png,GOOD
Cars159.png,@L7C N 5617
Cars154.png,Ka-09
Cars15.png,
Cars176.png,rondruceongineering
Cars166.png,Ina Car
Cars146.png,
Cars206.png,HR 26 BU 0380
Cars202.png,KWID
Cars212.png,KL 65 H4383
Cars201.png,LR33 TEB
Cars191.png,XA 03 AB
Cars217.png,AFR: 2011
Cars214.png,
Cars204.png,BYOND 
Cars180.png,WASHINGTON
Cars200.png,XA 03 AB
Cars2.png,PRELYLR
Cars188.png,
Cars208.png,V-8
Cars185.png,Iez BO641
Cars18.png,Ms66 YOB
Cars198.png,Nho14v8866
Cars218.png,
Cars210.png,Chhotae801z]
Cars194.png,
Cars190.png,KL54 4 2670
Cars209.png,
Cars193.png,E9 VSM
Cars215.png,9789
Cars181.png,JkLW
Cars195.png,FdL
Cars20.png,
Cars182.png,V2LAF
Cars197.png,LR33 TEB
Cars186.png,76-SpF
Cars187.png,ALR 486
Cars184.png,
Cars199.png,Chhotae801z]
Cars211.png,F
Cars189.png,CHOIANooo]
Cars183.png,BRIT 0001
Cars216.png,OPEC Loi |
Cars21.png,LRU
Cars207.png,MY OTHER CAR
Cars19.png,AFR: 2011
Cars213.png,DID
Cars196.png,
Cars205.png,InotacopE
Cars203.png,CZi7 Kod
Cars192.png,E4 GLE
Cars233.png,UP1C TClJeO
Cars257.png,OK LA
Cars252.png,DAM54P
Cars219.png,KA:03.MG . 2784
Cars227.png,ME-nee
Cars241.png,35aM123/
Cars239.png,15-LK-10898
Cars256.png,LB
Cars247.png,TN 37 Cs
Cars250.png,PGoMN12
Cars226.png,[is4523
Cars240.png,
Cars231.png,GBIB TCE
Cars234.png,IMAU 555
Cars251.png,LEELL
Cars221.png,
Cars22.png,
Cars255.png,MH 20EJ 0364
Cars249.png,
Cars235.png,GJ03JLQ126
Cars23.png,9214
Cars246.png,"TSM IC""2"
Cars253.png,
Cars230.png,LR33 TEB
Cars244.png,21.801.27
Cars248.png,HH42 DE4433
Cars242.png,PRELYLR
Cars254.png,GOTZPOO 
Cars245.png,HR 26 BR 9044
Cars220.png,JMP055565
Cars236.png,
Cars228.png,
Cars24.png,HR 26 BC 5514
Cars237.png,
Cars258.png,KA 0AC 5057
Cars225.png,JA62 UAR
Cars222.png,76-SpF
Cars223.png,MNGI
Cars243.png,Ka.03. MG
Cars229.png,
Cars238.png,MA
Cars25.png,ByH |' [361
Cars224.png,
Cars232.png,DMai
Cars271.png,'yes
Cars276.png,CZi7 Kod
Cars292.png,
Cars295.png,
Cars272.png,RXGL GDU
Cars287.png,@L7C N 5617
Cars285.png,HR 26 BR 9044
Cars290.png,
Cars269.png,
Cars263.png,Mh 02 CB
Cars275.png,BaIMAH
Cars280.png,
Cars259.png,MH 20 EE 7598]
Cars299.png,SDN7484U
Cars288.png,BaIMAH
Cars284.png,Ka-09
Cars261.png,IND
Cars293.png,GBIB TCE
Cars264.png,FANU
Cars27.png,DZIZ YXR
Cars279.png,4
Cars286.png,MIDLYPH
Cars282.png,68.61136
Cars270.png,19ne7sh
Cars294.png,01 CC IA O001]
Cars265.png,M
Cars296.png,145
Cars260.png,Stnmp
Cars262.png,"(ICKA KS"""
Cars281.png,MH01 @B 0001
Cars26.png,IzIQb
Cars297.png,IMAU 555
Cars29.png,9214
Cars28.png,
Cars291.png,3402A-6570
Cars267.png,
Cars283.png,
Cars289.png,532h
Cars266.png,9789
Cars278.png,
Cars268.png,FWV
Cars3.png,DZIZ YXR
Cars274.png,CANSA
Cars277.png,
Cars273.png,BRIT 0001
Cars298.png,AMBO
Cars305.png,TaC
Cars314.png,J6Piv728
Cars302.png,KL 0LCC 50 _
Cars321.png,Moioit
Cars309.png,Eabc
Cars333.png,MH 20EJ 0364
Cars334.png,E8 OLA
Cars318.png,ALR 486
Cars33.png,AND
Cars31.png,LB
Cars30.png,504123404
Cars316.png,0402
Cars322.png,7o0v
Cars306.png,LAWYER
Cars319.png,FAlLYOU
Cars301.png,6526 JHD
Cars311.png,Mal
Cars325.png,
Cars332.png,DZIZ YXR
Cars327.png,PGoMN12
Cars307.png,M90 60 90K
Cars324.png,V2LAF
Cars329.png,LGM
Cars320.png,Ka-09
Cars323.png,TN 99F2378
Cars313.png,NBEYOND]
Cars335.png,InotacopE
Cars303.png,KL54 4 2670
Cars331.png,
Cars310.png,LGET OIL
Cars326.png,DL8cX 4850
Cars32.png,CANSA
Cars300.png,IzIQb
Cars317.png,HR 26 BC 5514
Cars328.png,IMAU 555
Cars308.png,HR 26 BC 5514
Cars312.png,PUl8 _
Cars315.png,MERSCY
Cars330.png,Val6;7s
Cars336.png,DL8cX 4850
Cars304.png,hchH
Cars347.png,
Cars376.png,B2228 HMI
Cars34.png,@L7C N 5617
Cars375.png,Canmel & Dave
Cars369.png,15-LK-10898
Cars371.png,
Cars337.png,
Cars353.png,XA 03 AB
Cars345.png,OHG iIOU
Cars351.png,TGXaS
Cars344.png,GOOGLE
Cars341.png,"TSM IC""2"
Cars340.png,NXSTWL
Cars373.png,"TN 218C, 6225"
Cars354.png,
Cars37.png,FAST
Cars361.png,WASHINGTON
Cars365.png,IN21 BZ 0768
Cars356.png,Eatattnceco
Cars366.png,MH208020
Cars338.png,
Cars349.png,Tpls6 B
Cars364.png,LELaCbDELA
Cars359.png,REL
Cars348.png,Eabc
Cars339.png,{WpLATE COH
Cars352.png,
Cars36.png,MIDLYPH
Cars346.png,XA 03 AB
Cars363.png,WInTZJ
Cars374.png,57 Jd7
Cars355.png,BKTP : 665
Cars360.png,[pee
Cars342.png,CANSA
Cars370.png,CHOIANooo]
Cars372.png,HRZGCE 1L85 =
Cars368.png,DMai
Cars343.png,SKIP GAs]
Cars35.png,
Cars367.png,GOOGLE
Cars350.png,
Cars362.png,
Cars358.png,PZ62 FDZ
Cars357.png,
Cars407.png,
Cars383.png,
Cars401.png,HR 26 BC 5514
Cars396.png,EREAP3R]
Cars378.png,4a
Cars409.png,ERK9ZZAF
Cars411.png,'VIPER
Cars398.png,4
Cars39.png,HH15BD8877
Cars40.png,IzIQb
Cars385.png,rondruceongineering
Cars403.png,Doi-Riil
Cars392.png,YFLORIPLCO!
Cars381.png,120.89563
Cars413.png,
Cars388.png,3NR
Cars406.png,1268
Cars390.png,
Cars394.png,Nh 12 Mr 0u1}
Cars402.png,TaC
Cars4.png,PUl8 _
Cars408.png,
Cars380.png,Te
Cars382.png,CRAIG
Cars399.png,AND
Cars387.png,HR26 4z
Cars412.png,LR33 TEB
Cars377.png,ByH |' [361
Cars384.png,LX103
Cars389.png,AB 44887
Cars379.png,MhIL
Cars397.png,9214
Cars404.png,BHR
Cars38.png,OHG BCKK
Cars400.png,E9 VSM
Cars386.png,AB 44887
Cars410.png,VIRGINIA
Cars393.png,M
Cars41.png,YNTZdBg
Cars391.png,JbxhL +324
Cars405.png,LMC.35
Cars395.png,"(ICKA KS"""
Cars421.png,
Cars55.png,9214
Cars6.png,802.LIN
Cars424.png,KA:03.MG . 2784
Cars417.png,BAD 231
Cars5.png,
Cars45.png,Iihgrodj|
Cars52.png,HH15BD8877
Cars49.png,Fezudl
Cars42.png,ByH |' [361
Cars427.png,01 Cc IA Q001}
Cars428.png,DZIZ YXR
Cars414.png,DFUN
Cars54.png,TM378
Cars59.png,
Cars418.png,AND
Cars46.png,MhIL
Cars423.png,P3RV P
Cars430.png,BCG
Cars432.png,DL49 AK49
Cars426.png,CRAIG
Cars429.png,KAISER
Cars43.png,MH208020
Cars51.png,'yes
Cars64.png,TAX[
Cars416.png,172
Cars44.png,IND
Cars57.png,JbxhL +324
Cars58.png,MH01 @B 0001
Cars50.png,PUl8 _
Cars53.png,chio OSE
Cars56.png,KL
Cars65.png,@r INNZE|
Cars63.png,qm
Cars415.png,MH1ZNE B922
Cars48.png,ALR 486
Cars47.png,
Cars422.png,JHQOEE F
Cars425.png,6526 JHD
Cars420.png,SKIP GAs]
Cars61.png,4
Cars60.png,0S
Cars62.png,HaTt UP
Cars419.png,MhIL
Cars431.png,KL
Cars8.png,6526 JHD
Cars82.png,UP1C TClJeO
Cars67.png,MAaa BN 707
Cars72.png,@L7C N 5617
Cars69.png,KWD
Cars99.png,Ka-09
Cars95.png,MA
Cars83.png,Icoj UU1
Cars90.png,
Cars78.png,KL54 4 2670
Cars84.png,HR 26 BC 5514
Cars98.png,NEWTURA
Cars97.png,KA
Cars80.png,BAD 231
Cars92.png,MA
Cars7.png,YSK 213
Cars94.png,NBEYOND]
Cars85.png,4u63G1
Cars79.png,LGET OIL
Cars66.png,9214
Cars96.png,PGoMN12
Cars87.png,ISLa
Cars86.png,JmH 140X 9937/
Cars73.png,TN 99F2378
Cars75.png,
Cars74.png,CZi7 Kod
Cars93.png,
Cars68.png,0ur216
Cars70.png,
Cars89.png,Suiemv
Cars81.png,
Cars91.png,Fezudl
Cars76.png,MH-31
Cars88.png,Le7z
Cars77.png,KR 26CU6799
Cars71.png,
Cars9.png,Nho14v8866
